reference,source,url,supports
Later Alligator / Sweet Geraldine,Later Alligator: A Q&A with the Small-Buteras,https://community.wacom.com/en-gb/later-alligator-a-qa-with-the-small-buteras/,"Named division of work, character-specific reaction design, drawing and export process; supplied GIF"
Later Alligator / Sweet Geraldine,Chomping through Later Alligator with Lindsay Small-Butera,https://www.toonboom.com/later-alligator-lindsay-small-butera,Lindsay's account of animation and interactive writing
Slime Rancher / six faces,"Slime Faces: Behind The Scenes, 25 June 2019",https://store.steampowered.com/news/posts/?appids=433340&enddate=1576525914&feed=steam_community_announcements,"Named artist, face shader design, exact official GIF and its context."
Dicey Dungeons / Lady Luck,Dicey Dungeons credits,https://diceydungeons.com/credits.html,Explicit Art and Animation credit for Marlowe Dobbe.
Dicey Dungeons / Lady Luck,Dicey Dungeons portfolio,https://marlowedobbe.com/dicey-dungeons,Artist's own project page confirms art and animation and supplies additional game media.
Dicey Dungeons / Lady Luck,Dicey Dungeons Xbox press kit,https://terrycavanaghgames.com/dice/presskit/xbox/,Source of the supplied dialogue GIF and launch trailer.
OMORI / pencil portrait,"OMORI, 2014-2020, OMOCAT portfolio",https://www.omocat.com/omori,Creator-supplied original GIF links and project authorship statement.
OMORI / pencil portrait,OMOCAT CV,https://www.omocat.com/pagecv,"Explicit, separate illustration and animation/video-editing project roles."
Cuphead / Hopus Pocus,Tina Nawrocki: Hopus Pocus: mouth shapes that change the character,https://tinanawrocki.blogspot.com/2017/10/cuphead-hopus-pocus-magician-rabbit.html,"Authorship, production drawings and embedded pencil-test clips."
Smile For Me / responses,Smile For Me official page,https://limbolane.com/games/smile-for-me,Source-hosted response comparison GIFs
Smile For Me / responses,Smile For Me official press kit,https://limbolane.com/games/smile-for-me/press,Co-creator credits and division of creative interests
Smile For Me / responses,About LimboLane,https://limbolane.com/about,"Yugo's animator role and Day's production, programming and design roles"
In Stars and Time / Odile,Adrienne Bazir: About,https://www.insertdisc5.com/about,"Name, professional background, project identity; does not individually credit each animation."
In Stars and Time / Odile,In Stars and Time official publisher page,https://armorgamesstudios.com/games/in-stars-and-time,Developer credit and official trailer link.
In Stars and Time / Odile,In Stars and Time official itch.io page,https://armor-games-studios.itch.io/in-stars-and-time,Source of the inspected full-size screenshots.
Chicory / character studies,Chicory official site,https://chicorygame.com/,Artist & Animator and Director credits; official trailer
Chicory / character studies,About Alexis Dean-Jones,https://www.alexisdeanjones.com/about,First-person confirmation of Chicory character design and animation
Chicory / character studies,Designing Chicory's creatures with Alexis Dean-Jones,https://community.wacom.com/en-us/designing-chicorys-creatures-with-alexis-dean-jones/,"Direct craft interview, development drawings, expression/pose approach"
UNDERTALE / Flowey,UNDERTALE 5th Anniversary Alarm Clock Winter Dialogue: Flowey,https://undertale.com/alarmclock/flowey/,"Exact official sequence and portrait panel URLs; static publication, not a measured animation recording."
UNDERTALE / Flowey,Interview Time with Temmie!,https://toby.fangamer.com/interviews/temmie/,First-person account of working with Toby and response to Flowey's early-demo acting.
UNDERTALE / Flowey,"DELTARUNE Status Update, September 2021",https://undertale.com/deltarune-update-092021/,Explicit Main Artist and Main Animator credit for Temmie on Chapter 2; Toby describes his design and writing role.
Great God Grove / god faces,Great God Grove official press kit,https://limbolane.com/games/great-god-grove/press,Named animation credit and supplied dialogue GIF
Great God Grove / god faces,About LimboLane,https://limbolane.com/about,Studio and creator identities
Cuphead / Baroness,Tina Nawrocki: Baroness Von Bon Bon: theatrical facial extremes,https://tinanawrocki.blogspot.com/2017/09/cuphead-baroness-von-bon-bon.html,"Authorship, production drawings and embedded pencil-test clips."
Pizza Tower / Peppino,An Interview With: The Developer of Wario Land Successor Pizza Tower,https://gamingreinvented.com/interview/an-interview-with-the-developer-of-wario-land-successor-pizza-tower/,"First-person animation credit, relaxed proportion rationale and expressive character artwork"
Spiritfarer / Stella and Daffodil,Knights of the Light Table ferry us through Spiritfarer's animated trailer,https://www.toonboom.com/spiritfarer-animated-trailer,"First-person process interview, complete trailer animation credits, supplied stills and official trailer embed."
Dory / independent face controls,Indie Game Devlog 04 - Animating Faces,https://twocentstudios.com/2024/04/01/indie-game-devlog-04/,First-person implementation account and original face-demo files.
Dory / independent face controls,About twocentstudios,https://twocentstudios.com/about/,Author introduces himself as Chris; do not infer a surname or professional animator credit.
Astro Bot / eye acting,Inside the Art and Animation of Japan Studio's PS VR Hit,https://blog.playstation.com/2019/01/24/astro-bot-rescue-mission-inside-the-art-and-animation-of-japan-studios-ps-vr-hit/,Exact 2018 animation and art credits; timing process; official GIFs
Astro Bot / eye acting,How Team Asobi created a unified vision for fun,https://blog.playstation.com/2024/09/09/astro-bot-how-team-asobi-created-a-unified-vision-for-fun/,2024 animation personnel and Smith's acting reference
Astro Bot / eye acting,Interview: The Making of Astro Bot,https://www.pushsquare.com/features/interview-the-making-of-astro-bot-the-ps5s-next-great-exclusive,Direct Nicolas Doucet statements about minimal facial design
Night in the Woods / gaze,Night in the Woods official publisher page,https://playism.com/en/game/nitw/,"Studio identity, screenshot and official video URLs"
Night in the Woods / gaze,Scott Benson interview,https://www.inverse.com/article/13084-this-video-game-creator-proves-late-night-twitter-isn-t-a-waste-of-time,Direct creator testimony about art/animation responsibilities and character-oriented design
Night in the Woods / gaze,Night in the Woods Coming to PS4,https://blog.playstation.com/?p=133410,"Benson's co-designer and art-director credit, intended character relationships"
Night in the Woods / gaze,Nuke Possum Springs postmortem,https://www.gamedeveloper.com/design/video-nuke-possum-springs---a-i-night-in-the-woods-i-postmortem,Official GDC talk identity and linked video; not a verified facial-timing tutorial
ANTONBLAST / Anton,PinPan artist profile,https://pinpan.itch.io/,Juniper's first-person lead gameplay animator credit
ANTONBLAST / Anton,ANTONBLAST physical edition,https://www.fangamer.com/collections/popular/products/antonblast-game-nintendo-switch,Source page for the exact reaction video URL
ANTONBLAST / Anton,AntonBlast publisher portfolio,https://www.joystickventures.com/portfolio/antonblast,Summitsphere developer credit and official gameplay GIF
Moss / Quill,The Magic of Animation in Moss: How Polyarc Brought Quill to Life,https://blog.playstation.com/2018/04/09/the-magic-of-animation-in-moss-how-polyarc-brought-quill-to-life/,Lico's byline and first-person explanation of the character's relational gestures and responsive personality.
Moss / Quill,Animating Quill: Creating an Emotional Experience,https://gdcvault.com/play/1025414/Animating-Quill-Creating-an-Emotional,"Official GDC speaker, studio and talk record."
Moss / Quill,Animating Quill - presentation slides,https://media.gdcvault.com/gdc2018/presentations/Lico_Richard_Animating_Quill_Creating.pdf,"Reaction system, idle interruptions and overlap; slides 32-33 and 64 (zero-based PDF pages)."
Cuphead / Pip and Dot,Tina Nawrocki: Pip and Dot: conflicting faces on one body,https://tinanawrocki.blogspot.com/2017/10/cuphead-pip-and-dot-domino.html,"Authorship, production drawings and embedded pencil-test clips."
Wandersong / singing,Wandersong official site,https://wanderso.ng/,"Creator credit, event-driven singing/dance descriptions, nine official GIF links and trailer"
Wandersong / singing,Road to the IGF: Greg Lobanov's Wandersong,https://www.gamedeveloper.com/business/road-to-the-igf-greg-lobanov-s-i-wandersong-i-,"Creator testimony on expressive visual variation, accessible asset creation and playful roughness"
Wandersong / singing,An interview with Wandersong creator Greg Lobanov,https://www.lootpots.com/articles/an-interview-with-wandersong-creator-greg-lobanov-16012019/,"Direct creator discussion of jagged, erratic, paper-cut shapes"
Cult of the Lamb / reaction,Massive Monster GIPHY reaction,https://giphy.com/gifs/cult-of-the-lamb-massive-monster-kjua05Qw2EXPJ4NlvR,Studio account publishes the reaction clip; browser player exposes the MP4 URL.
Cult of the Lamb / reaction,About Massive Monster,https://massivemonster.com/about,Current staff credits for James Pearmain and Jan F Sorrentino; Jan's fan-animation history.
Webbed / greeting,Webbed credits,https://webbed.website/credits.html,Riley Neville's exact combined credit
Webbed / greeting,Webbed press kit,https://webbed.website/presskit.html,Original GIF and screenshot assets; lead developer identity
Webbed / greeting,"The Spider Practically Marketed Herself: Riley Neville, Webbed",https://gamemaker.io/en/blog/webbed-interview,Direct creator account of procedural characters and the dance gesture
Pikuniku / body language,Pikuniku official press kit,https://pikuniku.net/presskit/sheet.php?p=pikuniku,"Exact team credits, screenshot and GIF URLs, official launch trailer"
Pikuniku / body language,Picking Apart The Mind Behind The Delightful Dystopia Of PikuNiku,https://www.nintendolife.com/news/2017/09/feature_picking_apart_the_mind_behind_the_delightful_dystopia_of_pikuniku,Direct creator explanation of minimal aesthetics and body language
Pikuniku / body language,Pikuniku at Pictoplasma 2017,https://conference.pictoplasma.com/uncategorized/pikuniku/,Conference organizer describes De Bock's procedural-animation and empathy talk; recording not inspected
Pikuniku / body language,The Invisible Ink at Ludicious X,https://gamedesign.zhdk.ch/news/arnaud-de-bock-confirmed-speaker-of-the-conference-interactive-experiences-at-ludicious-x/,University organizer verifies artist/game-designer role and a talk on character empathy and accessibility
Lil Gator Game / head follow-through,The exaggerated animations and tottering wobble bones of Lil Gator Game,https://www.gamedeveloper.com/design/the-exaggerated-animations-and-tottering-wobble-bones-of-lil-gator-game,First-person interview with Scott Slucher on his animation choices; supplied reference still.
Lil Gator Game / head follow-through,Lil Gator Game creator page,https://www.patreon.com/lilgatorgame/about,"Scott Slucher, Robin Burgess and Connor Quinn are the game team."
BattleBlock Theater: simple faces with authored puppet movement,BattleBlock Theater Cutscene Development,https://blog.thebehemoth.com/2013/05/07/battleblock-theater-cutscene-development/,"Direct animator account, specific division of credits, process images and original/final motion references"
"Botanicula: tiny eyes, unusual bodies and group staging",Botanicula official game page,https://amanita-design.net/games/botanicula.html,"Screenshots, trailer and five-creature premise"
"Botanicula: tiny eyes, unusual bodies and group staging",Amanita Design official forum index,https://forum.amanita-design.net/,Plachý's animator and creator attribution
"Botanicula: tiny eyes, unusual bodies and group staging",IndieCade interview with Jaromír Plachý and Peter Stehlík,https://forum.amanita-design.net/index.php?topic=4278.0,Archived direct interview on inspiration and animation/music collaboration
Bugsnax: Eggabell animation set (inspection pending),Bugsnax Character Animations - Eggabell,https://jeffrosenthal.artstation.com/projects/18PRbL,Exact character animation attribution and embedded model URL.
Bugsnax: Eggabell animation set (inspection pending),Jeff Rosenthal Resume,https://jeffrosenthal.artstation.com/resume,Contract work on Bugsnax and character-animation/rigging skills.
Jake Clark / Cuphead process,Jake Clark announces his GDC talk,https://jake-clark.tumblr.com/post/158375449032/hey-everyone-heres-a-talk-i-recently-gave-at-gdc,Direct attribution of the animation and design presentation.
Jake Clark / Cuphead process,Animation Bootcamp: Cuphead Process and Philosophy,https://gdcvault.com/play/1024315/Animation-Bootcamp-Cuphead-Process-and,Conference record.
Farewell North / face process,Adding Facial Animation to my Indie Game! | Devlog,https://www.youtube.com/watch?v=fkB3tK6zZSo,"Original author, process description and chapter labels; title/uploader checked through oEmbed and description read from original YouTube page."
Farewell North / face process,Farewell North official site,https://farewell-north.com/,"Game, developer context and first-person development FAQ."
Klei / animation symbols,2D Animation at Klei Entertainment,https://gdcvault.com/play/1020165/2D-Animation-at-Klei,"Presenter names, studio and session scope."
Klei / animation symbols,Klei developer links the 2014 presentation,https://kleiforums.com/forums/topic/37347-2-d-animation-at-klei/,Identifies the speakers as Klei animators and links the slide deck.
James Benson / Ori reel,Animation Bootcamp: The Animation Process of Ori,https://gdcvault.com/play/1021791/Animation-Bootcamp-The-Animation-Process,Benson's role as speaker and the talk's animation subject.
James Benson / Ori reel,Ori Animation Reel - James Benson,https://www.youtube.com/watch?v=gPWsk8N-EfE,"Artist-owned portfolio media; title, uploader and thumbnail verified through YouTube oEmbed."
James Benson / Ori reel,Postmortem: Moon Studios' heartfelt Ori and the Blind Forest,https://www.gamedeveloper.com/audio/postmortem-moon-studios-heartfelt-i-ori-and-the-blind-forest-i-,Mahler's account of Benson's short interaction prototype videos.
Psychonauts 2 / mailroom acting,Miyuki Richardson - Psychonauts 2 Animation Reel,https://vimeo.com/619494977,"Artist attribution, exact embed supplied by the player's Embed dialog, per-shot contribution labels, inspected robot frames."
Psychonauts 2 / mailroom acting,Psychonauts 2 Cast & Credits,https://www.doublefine.com/games/psychonauts-2/credits,Richardson's animator credit; Squeeze studio team and FaceFX acknowledgement.
Psychonauts 2 / mailroom acting,Miyuki Richardson Resume,https://maruyamamiyuki.wixsite.com/portfolio/resume,Senior animator role at Double Fine and in-game/cinematic animation experience.
Spiritfarer / individual actions,Thunder Lotus Games on animating the afterlife in Spiritfarer,https://www.toonboom.com/thunder-lotus-games-on-animating-the-afterlife-in-spiritfarer,"First-person animator interview about expressive actions, individuality and player control; contains official video embeds."
Spiritfarer / individual actions,Spiritfarer press kit,https://thunderlotusgames.com/press-kits/spiritfarer-press-kit/,Names the animation director and animators separately from artists and trailer collaborators.
Pip Williamson / drawn poses in-engine,Thank Goodness You're Here! - Pip Williamson,https://www.williamsonpip.co.uk/project/thank-goodness-youre-here,"First-person production account, lead role, credits and supplied video embed"
Wirm / falling reaction,Riley Neville interview,https://gamemaker.io/en/blog/webbed-interview,Developer identity and explicit falling-to-expression relationship in the project as described in 2022
Wirm / falling reaction,Wirm official Steam page,https://store.steampowered.com/app/1934870/Wirm/,"Studio, official screenshots and published store description"
Wirm / falling reaction,Steam app details for Wirm,https://store.steampowered.com/api/appdetails?appids=1934870,Exact screenshot and store-page loop URLs
